,PassengerId,Survived
0,1,0
1,2,1
2,3,1
3,4,1
4,5,0
5,6,0
6,7,0
7,8,0
8,9,0
9,10,1
10,11,0
11,12,1
12,13,0
13,14,0
14,15,1
15,16,1
16,17,0
17,18,0
18,19,1
19,20,1
20,21,0
21,22,0
22,23,1
23,24,0
24,25,0
25,26,0
26,27,0
27,28,1
28,29,1
29,30,0
30,31,0
31,32,1
32,33,1
33,34,0
34,35,0
35,36,0
36,37,0
37,38,0
38,39,1
39,40,1
40,41,0
41,42,1
42,43,0
43,44,1
44,45,1
45,46,0
46,47,0
47,48,1
48,49,0
49,50,1
50,51,0
51,52,0
52,53,1
53,54,1
54,55,0
55,56,0
56,57,1
57,58,0
58,59,1
59,60,0
60,61,0
61,62,1
62,63,0
63,64,0
64,65,0
65,66,0
66,67,1
67,68,0
68,69,0
69,70,0
70,71,0
71,72,0
72,73,0
73,74,0
74,75,0
75,76,0
76,77,0
77,78,0
78,79,0
79,80,1
80,81,0
81,82,0
82,83,1
83,84,0
84,85,1
85,86,0
86,87,0
87,88,0
88,89,1
89,90,0
90,91,0
91,92,0
92,93,0
93,94,0
94,95,0
95,96,0
96,97,0
97,98,0
98,99,1
99,100,0
100,101,1
101,102,0
102,103,0
103,104,0
104,105,0
105,106,0
106,107,1
107,108,0
108,109,0
109,110,1
110,111,0
111,112,1
112,113,0
113,114,1
114,115,1
115,116,0
116,117,0
117,118,0
118,119,1
119,120,0
120,121,0
121,122,0
122,123,0
123,124,1
124,125,0
125,126,0
126,127,0
127,128,0
128,129,0
129,130,0
130,131,0
131,132,0
132,133,1
133,134,1
134,135,0
135,136,0
136,137,1
137,138,0
138,139,0
139,140,0
140,141,0
141,142,1
142,143,1
143,144,0
144,145,0
145,146,0
146,147,0
147,148,0
148,149,0
149,150,0
150,151,0
151,152,1
152,153,0
153,154,0
154,155,0
155,156,0
156,157,1
157,158,0
158,159,0
159,160,0
160,161,0
161,162,1
162,163,0
163,164,0
164,165,0
165,166,0
166,167,1
167,168,0
168,169,0
169,170,0
170,171,0
171,172,0
172,173,1
173,174,0
174,175,0
175,176,0
176,177,0
177,178,1
178,179,0
179,180,0
180,181,0
181,182,0
182,183,0
183,184,0
184,185,1
185,186,0
186,187,1
187,188,0
188,189,0
189,190,0
190,191,1
191,192,0
192,193,1
193,194,0
194,195,1
195,196,1
196,197,0
197,198,0
198,199,1
199,200,1
200,201,0
201,202,0
202,203,0
203,204,0
204,205,0
205,206,1
206,207,0
207,208,0
208,209,1
209,210,0
210,211,0
211,212,1
212,213,0
213,214,0
214,215,0
215,216,1
216,217,1
217,218,0
218,219,1
219,220,0
220,221,0
221,222,0
222,223,0
223,224,0
224,225,0
225,226,0
226,227,0
227,228,0
228,229,0
229,230,0
230,231,1
231,232,0
232,233,0
233,234,0
234,235,0
235,236,1
236,237,0
237,238,1
238,239,0
239,240,0
240,241,1
241,242,1
242,243,0
243,244,0
244,245,0
245,246,0
246,247,1
247,248,1
248,249,0
249,250,0
250,251,0
251,252,0
252,253,0
253,254,0
254,255,0
255,256,0
256,257,1
257,258,1
258,259,1
259,260,1
260,261,0
261,262,0
262,263,0
263,264,0
264,265,1
265,266,0
266,267,0
267,268,0
268,269,1
269,270,1
270,271,0
271,272,0
272,273,1
273,274,0
274,275,1
275,276,1
276,277,1
277,278,0
278,279,0
279,280,1
280,281,0
281,282,0
282,283,0
283,284,0
284,285,0
285,286,0
286,287,0
287,288,0
288,289,0
289,290,1
290,291,1
291,292,1
292,293,0
293,294,1
294,295,0
295,296,0
296,297,0
297,298,1
298,299,0
299,300,1
300,301,1
301,302,0
302,303,0
303,304,1
304,305,0
305,306,0
306,307,1
307,308,1
308,309,0
309,310,1
310,311,1
311,312,1
312,313,1
313,314,0
314,315,0
315,316,1
316,317,1
317,318,0
318,319,1
319,320,1
320,321,0
321,322,0
322,323,1
323,324,1
324,325,0
325,326,1
326,327,0
327,328,1
328,329,1
329,330,1
330,331,1
331,332,0
332,333,1
333,334,0
334,335,1
335,336,0
336,337,0
337,338,1
338,339,0
339,340,0
340,341,0
341,342,1
342,343,0
343,344,0
344,345,0
345,346,1
346,347,1
347,348,1
348,349,0
349,350,0
350,351,0
351,352,0
352,353,0
353,354,0
354,355,0
355,356,0
356,357,1
357,358,1
358,359,1
359,360,1
360,361,0
361,362,0
362,363,1
363,364,0
364,365,0
365,366,0
366,367,1
367,368,1
368,369,1
369,370,1
370,371,0
371,372,0
372,373,0
373,374,1
374,375,1
375,376,1
376,377,1
377,378,1
378,379,0
379,380,0
380,381,1
381,382,1
382,383,0
383,384,1
384,385,0
385,386,0
386,387,0
387,388,1
388,389,0
389,390,1
390,391,0
391,392,0
392,393,0
393,394,1
394,395,1
395,396,0
396,397,1
397,398,0
398,399,0
399,400,1
400,401,0
401,402,0
402,403,1
403,404,0
404,405,1
405,406,0
406,407,0
407,408,0
408,409,0
409,410,1
410,411,0
411,412,0
412,413,1
413,414,0
414,415,0
415,416,1
416,417,1
417,418,1
418,419,0
419,420,1
420,421,0
421,422,0
422,423,0
423,424,1
424,425,0
425,426,0
426,427,1
427,428,1
428,429,0
429,430,0
430,431,0
431,432,1
432,433,1
433,434,0
434,435,0
435,436,1
436,437,1
437,438,0
438,439,1
439,440,0
440,441,1
441,442,0
442,443,0
443,444,1
444,445,0
445,446,0
446,447,1
447,448,0
448,449,1
449,450,0
450,451,0
451,452,0
452,453,0
453,454,0
454,455,0
455,456,0
456,457,0
457,458,1
458,459,1
459,460,0
460,461,0
461,462,0
462,463,0
463,464,0
464,465,0
465,466,0
466,467,0
467,468,0
468,469,0
469,470,1
470,471,0
471,472,0
472,473,1
473,474,1
474,475,1
475,476,0
476,477,0
477,478,0
478,479,0
479,480,1
480,481,0
481,482,0
482,483,0
483,484,1
484,485,0
485,486,1
486,487,1
487,488,0
488,489,0
489,490,0
490,491,0
491,492,0
492,493,0
493,494,0
494,495,0
495,496,0
496,497,1
497,498,0
498,499,1
499,500,0
500,501,0
501,502,1
502,503,1
503,504,1
504,505,1
505,506,0
506,507,1
507,508,0
508,509,0
509,510,0
510,511,0
511,512,0
512,513,0
513,514,1
514,515,0
515,516,0
516,517,1
517,518,0
518,519,1
519,520,0
520,521,1
521,522,0
522,523,0
523,524,1
524,525,0
525,526,0
526,527,1
527,528,1
528,529,0
529,530,0
530,531,1
531,532,0
532,533,0
533,534,1
534,535,1
535,536,1
536,537,0
537,538,1
538,539,0
539,540,1
540,541,1
541,542,0
542,543,0
543,544,0
544,545,0
545,546,0
546,547,1
547,548,0
548,549,0
549,550,0
550,551,0
551,552,0
552,553,0
553,554,0
554,555,1
555,556,0
556,557,1
557,558,1
558,559,1
559,560,1
560,561,0
561,562,0
562,563,0
563,564,0
564,565,1
565,566,0
566,567,0
567,568,0
568,569,0
569,570,0
570,571,0
571,572,1
572,573,0
573,574,1
574,575,0
575,576,0
576,577,1
577,578,1
578,579,1
579,580,0
580,581,1
581,582,1
582,583,0
583,584,0
584,585,0
585,586,1
586,587,0
587,588,0
588,589,0
589,590,0
590,591,0
591,592,1
592,593,0
593,594,1
594,595,0
595,596,0
596,597,1
597,598,0
598,599,0
599,600,0
600,601,1
601,602,0
602,603,0
603,604,0
604,605,0
605,606,0
606,607,0
607,608,0
608,609,1
609,610,1
610,611,0
611,612,0
612,613,1
613,614,0
614,615,0
615,616,1
616,617,0
617,618,1
618,619,1
619,620,0
620,621,0
621,622,0
622,623,0
623,624,0
624,625,0
625,626,0
626,627,0
627,628,1
628,629,0
629,630,0
630,631,0
631,632,0
632,633,0
633,634,0
634,635,1
635,636,1
636,637,0
637,638,0
638,639,0
639,640,0
640,641,0
641,642,1
642,643,1
643,644,0
644,645,1
645,646,0
646,647,0
647,648,0
648,649,0
649,650,1
650,651,0
651,652,1
652,653,0
653,654,1
654,655,1
655,656,0
656,657,0
657,658,1
658,659,0
659,660,0
660,661,1
661,662,0
662,663,0
663,664,0
664,665,0
665,666,0
666,667,0
667,668,0
668,669,0
669,670,1
670,671,1
671,672,0
672,673,0
673,674,0
674,675,0
675,676,0
676,677,0
677,678,1
678,679,0
679,680,1
680,681,1
681,682,0
682,683,0
683,684,0
684,685,0
685,686,0
686,687,0
687,688,0
688,689,0
689,690,1
690,691,0
691,692,1
692,693,0
693,694,0
694,695,0
695,696,0
696,697,0
697,698,1
698,699,0
699,700,0
700,701,1
701,702,0
702,703,1
703,704,0
704,705,0
705,706,0
706,707,1
707,708,0
708,709,1
709,710,0
710,711,1
711,712,0
712,713,0
713,714,0
714,715,0
715,716,0
716,717,1
717,718,1
718,719,0
719,720,0
720,721,1
721,722,0
722,723,0
723,724,0
724,725,0
725,726,0
726,727,1
727,728,1
728,729,0
729,730,1
730,731,1
731,732,0
732,733,0
733,734,0
734,735,0
735,736,0
736,737,1
737,738,1
738,739,0
739,740,0
740,741,0
741,742,0
742,743,1
743,744,0
744,745,0
745,746,0
746,747,0
747,748,1
748,749,0
749,750,0
750,751,1
751,752,0
752,753,0
753,754,0
754,755,1
755,756,0
756,757,0
757,758,0
758,759,0
759,760,1
760,761,0
761,762,0
762,763,0
763,764,1
764,765,0
765,766,1
766,767,0
767,768,1
768,769,0
769,770,0
770,771,0
771,772,0
772,773,1
773,774,0
774,775,1
775,776,0
776,777,0
777,778,1
778,779,0
779,780,1
780,781,1
781,782,1
782,783,0
783,784,0
784,785,0
785,786,0
786,787,1
787,788,0
788,789,0
789,790,0
790,791,0
791,792,0
792,793,0
793,794,0
794,795,0
795,796,0
796,797,1
797,798,1
798,799,0
799,800,1
800,801,0
801,802,1
802,803,0
803,804,0
804,805,0
805,806,0
806,807,0
807,808,1
808,809,0
809,810,1
810,811,0
811,812,0
812,813,0
813,814,1
814,815,0
815,816,0
816,817,1
817,818,0
818,819,0
819,820,0
820,821,1
821,822,0
822,823,0
823,824,1
824,825,0
825,826,0
826,827,0
827,828,0
828,829,0
829,830,1
830,831,1
831,832,0
832,833,0
833,834,0
834,835,0
835,836,1
836,837,0
837,838,0
838,839,0
839,840,0
840,841,0
841,842,0
842,843,1
843,844,0
844,845,0
845,846,0
846,847,0
847,848,0
848,849,0
849,850,1
850,851,0
851,852,0
852,853,1
853,854,1
854,855,1
855,856,1
856,857,1
857,858,0
858,859,1
859,860,0
860,861,0
861,862,0
862,863,1
863,864,1
864,865,0
865,866,1
866,867,1
867,868,0
868,869,0
869,870,0
870,871,0
871,872,1
872,873,0
873,874,0
874,875,1
875,876,1
876,877,0
877,878,0
878,879,0
879,880,1
880,881,1
881,882,0
882,883,1
883,884,0
884,885,0
885,886,0
886,887,0
887,888,1
888,889,1
889,890,0
890,891,0
